-- Inserimento di dati nella tabella `director`
INSERT INTO director (id, name) VALUES (1,'Vince Gilligan'), (2, 'Craig Mazin'), (3, 'David Benioff'), (4, 'David Chase'), (5, 'J. Michael Mendel'), (6, 'Coky Giedroyc'), (7, 'Marta Kauffman'), (8, 'Raphael Bob-Waksberg'), (9, 'Baran bo Odar'), (10, 'Hwang Dong-hyuk'), (11, 'Shinsuke Sato');

-- Inserimento di dati nella tabella `tvshow`
INSERT INTO tvshow (id, image, title, description, year, country, director, seasons, episodes) VALUES
(1, 'breakingbad.jpeg', 'Breaking Bad', 'Un insegnante di chimica del liceo diagnosticato con un cancro al polmone inoperabile si rivolge alla produzione e alla vendita di metanfetamina per garantire il futuro della sua famiglia', 2008, 'Stati Uniti', 1, 5, 62), 
(2, 'chernobyl.jpeg', 'Chernobyl', 'Nell aprile 1986, un esplosione presso la centrale nucleare di Chernobyl nell Unione delle Repubbliche socialiste sovietiche diventa una delle peggiori catastrofi provocate dall uomo al mondo.', 2019, 'Stati Uniti', 2, 1, 5),
(3, 'got.jpeg', 'Il trono di spade', 'Nove famiglie nobili combattono per il controllo delle mitiche terre di Westeros, mentre un antico nemico ritorna dopo essere stato inattivo per migliaia di anni.', 2011, 'Stati Uniti', 3, 8, 74),
(4, 'sopranos.jpeg', 'I Soprano', 'Il capo della mafia del New Jersey Tony Soprano affronta i suoi problemi personali e professionali che influenzano il suo stato mentale, portandolo a cercare una consulenza psichiatrica professionale.', 1999, 'Stati Uniti', 4, 6, 86),
(5, 'rickandmorty.jpeg', 'Rick and Morty', 'Una serie animata seguendo le imprese di un super scienziato e del suo nipote non troppo brillante.', 2013, 'Stati Uniti', 5, 7, 71),
(6, 'sherlock.jpeg', 'Sherlock', 'Un aggiornamento moderno con il famoso investigatore e il suo medico che risolvono il crimine nella Londra del 21esimo secolo.', 2010, 'Stati Uniti', 6, 4, 12),
(7, 'friends.jpeg', 'Friends', 'Le vite personali e professionali di sei amici ventenni e trentenni che vivono a Manhattan.', 1994, 'Stati Uniti', 7, 10, 236),
(8, 'bojack.jpeg', 'Bojack Horseman', 'BoJack Horseman era il protagonista del famoso show televisivo "Horsin Around" negli anni 90, ma ora è sfinito, vive a Hollywood, si lamenta di tutto e indossa maglioni colorati.', 2014, 'Stati Uniti', 8, 6, 77),
(9, 'dark.jpeg', 'Dark', 'Una saga familiare con un pizzico di soprannaturale, ambientata in una città tedesca, dove la scomparsa di due bambini rivela le relazioni tra quattro famiglie.', 2017, 'Germania', 9, 3, 26),
(10, 'squidgame.jpeg', 'Squid Game', '456 concorrenti disperati gareggiano gli uni contro gli altri in vari giochi per bambini nel tentativo di sopravvivere e vincere il montepremi di 45,6 miliardi di won che potrebbe trasformare la loro triste esistenza.', 2021, 'Corea', 10, 1, 9),
(11, 'aliceinborder.jpeg', 'Alice in Borderland', 'Apatico, senza un lavoro e con l ossessione per i videogiochi, Arisu si ritrova all improvviso in un insolita Tokyo svuotata dei suoi abitanti dove è costretto a partecipare a giochi pericolosi con i suoi amici per sopravvivere.', 2020, 'Giappone', 11, 2, 16);

-- Inserimento di dati nella tabella `show_has_genre`
INSERT INTO genre (genre) VALUES 
('Poliziesco'), ('Drammatico'), ('Thriller'), ('Storico'), ('Azione'), ('Avventura'), ('Animazione'), ('Commedia'), ('Giallo');

-- Inserimento di dati nella tabella `show_has_genre`
INSERT INTO show_has_genre (show_id, genre) VALUES 
(1, 'Poliziesco'), (1, 'Drammatico'), (1, 'Thriller'), (2, 'Drammatico'), (2, 'Thriller'), (2, 'Storico'), (3, 'Azione'), (3, 'Avventura'), (3, 'Drammatico'), (4, 'Poliziesco'), (4, 'Drammatico'), (5, 'Animazione'), (5, 'Avventura'), (5, 'Commedia'), (6, 'Poliziesco'), (6, 'Drammatico'), (6, 'Giallo'), (7, 'Commedia'), (8, 'Animazione'), (8, 'Commedia'), (8, 'Drammatico'), (9, 'Poliziesco'), (9, 'Drammatico'), (9, 'Giallo'), (10, 'Azione'), (10, 'Drammatico'), (10, 'Giallo'), (11, 'Azione'), (11, 'Drammatico'), (11, 'Giallo');

-- Inserimento di dati nella tabella `season`
INSERT INTO season (id, show_id, season_num, episodes) VALUES
(1, 1, 1, 7), (2, 1, 2, 13), (3, 1, 3, 13), (4, 1, 4, 13), (5, 1, 5, 16),
(6, 2, 1, 5),
(7, 3, 1, 10), (8, 3, 2, 10), (9, 3, 3, 10), (10, 3, 4, 10), (11, 3, 5, 10), (12, 3, 6, 10), (13, 3, 7, 7), (14, 3, 8, 6),
(15, 4, 1, 13), (16, 4, 2, 13), (17, 4, 3, 13), (18, 4, 4, 13), (19, 4, 5, 13), (20, 4, 6, 21),
(21, 5, 1, 11), (22, 5, 2, 10), (23, 5, 3, 10), (24, 5, 4, 10), (25, 5, 5, 10), (26, 5, 6, 10), (27, 5, 7, 10),
(28, 6, 1, 3), (29, 6, 2, 3), (30, 6, 3, 3), (31, 6, 4, 3),
(32, 7, 1, 24), (33, 7, 2, 24), (34, 7, 3, 25), (35, 7, 4, 24), (36, 7, 5, 24), (37, 7, 6, 25), (38, 7, 7, 24), (39, 7, 8, 24), (40, 7, 9, 24), (41, 7, 10, 18),
(42, 8, 1, 12), (43, 8, 2, 12), (44, 8, 3, 12), (45, 8, 4, 12), (46, 8, 5, 12), (47, 8, 6, 16),
(48, 9, 1, 10), (49, 9, 2, 8), (50, 9, 3, 8),
(51, 10, 1, 9),
(52, 11, 1, 8), (53, 11, 2, 8);

-- Inserimento di dati nella tabella `episode`
INSERT INTO episode (id, season_id, ep_num, ep_title) VALUES

-- BREAKING BAD
(1, 1, 1, 'Questione di chimica'),
(2, 1, 2, 'Senza ritorno'),
(3, 1, 3, 'Conseguenze radicali'),
(4, 1, 4, 'Una malattia scomoda'),
(5, 1, 5, 'Materia grigia'),
(6, 1, 6, 'Un pugno di mosche'),
(7, 1, 7, 'Vendetta'),
(8, 2, 1, 'Tutto cambia'),
(9, 2, 2, 'Grigliato'),
(10, 2, 3, 'Punto da un ape morta'),
(11, 2, 4, 'Giù'),
(12, 2, 5, 'Una pistola per Jesse'),
(13, 2, 6, 'Una lezione indimenticabile'),
(14, 2, 7, 'Nero e azzurro'),
(15, 2, 8, 'Conviene chiamare Saul'),
(16, 2, 9, '4 giorni fuori'),
(17, 2, 10, 'Game over'),
(18, 2, 11, 'Mandala'),
(19, 2, 12, 'Phoenix'),
(20, 2, 13, 'Albuquerque'),
(21, 3, 1, 'Ora basta'),
(22, 3, 2, 'Cavallo senza nome'),
(23, 3, 3, 'Tradimento'),
(24, 3, 4, 'Luce verde'),
(25, 3, 5, 'Di più'),
(26, 3, 6, 'Al tramonto'),
(27, 3, 7, 'Un minuto'),
(28, 3, 8, 'Ti vedo'),
(29, 3, 9, 'Atmosfere'),
(30, 3, 10, 'Caccia grossa'),
(31, 3, 11, 'Scrupoli'),
(32, 3, 12, 'Mezze misure'),
(33, 3, 13, 'Niente mezze misure'),
(34, 4, 1, 'Il taglierino'),
(35, 4, 2, 'Calibro 38'),
(36, 4, 3, 'Casa aperta'),
(37, 4, 4, 'La versione di Skyler'),
(38, 4, 5, 'L autolavaggio'),
(39, 4, 6, 'Messi all angolo'),
(40, 4, 7, 'Un cane difficile'),
(41, 4, 8, 'Fratelli'),
(42, 4, 9, 'Cimici'),
(43, 4, 10, 'Alla salute'),
(44, 4, 11, 'Nuove identià'),
(45, 4, 12, 'Cercando vendetta'),
(46, 4, 13, 'Fine della storia'),
(47, 5, 1, 'Vivi libero o muori'),
(48, 5, 2, 'L affare tedesco'),
(49, 5, 3, 'Indennità di rischio'),
(50, 5, 4, 'Un ambiente migliore'),
(51, 5, 5, 'Rapina al treno'),
(52, 5, 6, 'Buonuscita'),
(53, 5, 7, 'Di il mio nome'),
(54, 5, 8, 'Volare alto'),
(55, 5, 9, 'Denaro insanguinato'),
(56, 5, 10, 'Questioni di famiglia'),
(57, 5, 11, 'Confessioni'),
(58, 5, 12, 'Cane rabbioso'),
(59, 5, 13, 'Riserva indiana'),
(60, 5, 14, 'Declino'),
(61, 5, 15, 'Tutto torna'),
(62, 5, 16, 'Felina'),

-- CHERNOBYL
(63, 6, 1, '1:23:45'),
(64, 6, 2, 'Please Remain Calm'),
(65, 6, 3, 'Open Wide, O Earth'),
(66, 6, 4, 'The Happiness of All Mankind'),
(67, 6, 5, 'Vichnaya Pamyat'),

-- IL TRONO DI SPADE
(68, 7, 1, 'Winter is coming'),
(69, 7, 2, 'La Strada del Re'),
(70, 7, 3, 'Lord Snow'),
(71, 7, 4, 'Il giuramento'),
(72, 7, 5, 'Il lupo e il leone'),
(73, 7, 6, 'La corona d oro'),
(74, 7, 7, 'Il gioco dei troni'),
(75, 7, 8, 'La guerra alle porte'),
(76, 7, 9, 'La confessione'),
(77, 7, 10, 'Fuoco e sangue'),
(78, 8, 1, 'Il Nord non dimentica'),
(79, 8, 2, 'Oltre la barriera'),
(80, 8, 3, 'Ciò che è morto non muoia mai'),
(81, 8, 4, 'Il giardino di ossa'),
(82, 8, 5, 'Il fantasma della fortezza'),
(83, 8, 6, 'Vecchi e nuovi dei'),
(84, 8, 7, 'Un uomo senza onore'),
(85, 8, 8, 'Il principe di Grande inverno'),
(86, 8, 9, 'L assedio'),
(87, 8, 10, 'Chiunque può essere ucciso'),
(88, 9, 1, 'Valar Dohaeris'),
(89, 9, 2, 'Ali oscure, oscure parole'),
(90, 9, 3, 'Il cammino del supplizio'),
(91, 9, 4, 'E ora la sua guardia si è conclusa'),
(92, 9, 5, 'Baciata dal fuoco'),
(93, 9, 6, 'La scalata'),
(94, 9, 7, 'L orso e la fanciulla bionda'),
(95, 9, 8, 'I secondi figli'),
(96, 9, 9, 'Le piogge di Castamere'),
(97, 9, 10, 'Mhysa'),
(98, 10, 1, 'Le due spade'),
(99, 10, 2, 'Il leone e la rosa'),
(100, 10, 3, 'La fuga'),
(101, 10, 4, 'In cerca di un colpevole'),
(102, 10, 5, 'First of his name'),
(103, 10, 6, 'Le leggi degli dei e degli uomini'),
(104, 10, 7, 'Il campione'),
(105, 10, 8, 'La vipera e la montagna'),
(106, 10, 9, 'Il coraggio di pochi'),
(107, 10, 10, 'I figli della foresta'),
(108, 11, 1, 'Guerre imminenti'),
(109, 11, 2, 'Il nuovo comandante'),
(110, 11, 3, 'High Sparrow'),
(111, 11, 4, 'Sons of the Harpy'),
(112, 11, 5, 'Uccidi il ragazzo'),
(113, 11, 6, 'Le serpi delle sabbie'),
(114, 11, 7, 'Il Dono'),
(115, 11, 8, 'Aspra Dimora'),
(116, 11, 9, 'La Danza dei Draghi'),
(117, 11, 10, 'Madre misericordiosa'),
(118, 12, 1, 'La Donna Rossa'),
(119, 12, 2, 'Uomini di ferro'),
(120, 12, 3, 'Giuramento infranto'),
(121, 12, 4, 'Il libro dello straniero'),
(122, 12, 5, 'Il tempo è giunto'),
(123, 12, 6, 'Sangue del mio sangue'),
(124, 12, 7, 'Alleanze'),
(125, 12, 8, 'Nessuno'),
(126, 12, 9, 'La battaglia dei bastardi'),
(127, 12, 10, 'The winds of Winter'),
(128, 13, 1, 'Roccia del drago'),
(129, 13, 2, 'Nata dalla tempesta'),
(130, 13, 3, 'La giustizia della regina'),
(131, 13, 4, 'Spoglie di guerra'),
(132, 13, 5, 'Forte Orientale'),
(133, 13, 6, 'Oltre la barriera'),
(134, 13, 7, 'Il drago e il lupo'),
(135, 14, 1, 'Grande inverno'),
(136, 14, 2, 'Un cavaliere dei sette regni'),
(137, 14, 3, 'La lunga notte'),
(138, 14, 4, 'Gli ultimi Stark'),
(139, 14, 5, 'Le campane'),
(140, 14, 6, 'Il Trono di Spade'),

-- THE SOPRANOS
(141, 15, 1, 'Affari di famiglia'),
(142, 15, 2, 'Lo sgarro'),
(143, 15, 3, 'Un rifiuto inaccettabile'),
(144, 15, 4, 'Addio Jackie'),
(145, 15, 5, 'Un conto da saldare'),
(146, 15, 6, 'Confessioni'),
(147, 15, 7, 'Padri e figli'),
(148, 15, 8, 'La crisi di Christopher'),
(149, 15, 9, "L'avvertimento"),
(150, 15, 10, 'Urla nella notte'),
(151, 15, 11, 'La spia'),
(152, 15, 12, "L'attentato"),
(153, 15, 13, 'Un inquietante scoperta'),
(154, 16, 1, 'Riunione di famiglia'),
(155, 16, 2, 'La scarcerazione'),
(156, 16, 3, "Il ritorno di Richie Aprile"),
(157, 16, 4, 'Viaggio a Napoli'),
(158, 16, 5, 'I sogni son desideri'),
(159, 16, 6, 'Giocatori accaniti'),
(160, 16, 7, 'Rabbia e rimorso'),
(161, 16, 8, "L'agguato"),
(162, 16, 9, "Incubi d'inferno"),
(163, 16, 10, 'Passione incontrollabile'),
(164, 16, 11, 'Cocaina'),
(165, 16, 12, 'Amore e pallottole'),
(166, 16, 13, "L'ultima tequila"),
(167, 17, 1, 'Sotto controllo'),
(168, 17, 2, 'Addio Donna Livia'),
(169, 17, 3, "Uomo d'onore"),
(170, 17, 4, 'Stupro'),
(171, 17, 5, 'Terapia di coppia'),
(172, 17, 6, 'Il gladiatore'),
(173, 17, 7, 'Problemi di famiglia'),
(174, 17, 8, 'La promozione'),
(175, 17, 9, 'Piccoli boss crescono'),
(176, 17, 10, 'Ombre dal passato'),
(177, 17, 11, 'Caccia al russo'),
(178, 17, 12, 'Relazioni pericolose'),
(179, 17, 13, 'Regole militari'),
(180, 18, 1, 'Debiti pubblici e privati'),
(181, 18, 2, 'Meadow figlia ribelle'),
(182, 18, 3, 'Orgoglio italiano'),
(183, 18, 4, "L'offesa"),
(184, 18, 5, "L'informatrice"),
(185, 18, 6, 'Sensi di colpa'),
(186, 18, 7, 'Cinici idealisti'),
(187, 18, 8, 'Donne e cavalli'),
(188, 18, 9, 'Sbagli imperdonabili'),
(189, 18, 10, "Schiavo dell'eroina"),
(190, 18, 11, "Finale d'analisi"),
(191, 18, 12, 'Ritorsioni'),
(192, 18, 13, 'Scene da un matrimonio'),
(193, 19, 1, 'Corteggiamento spietato'),
(194, 19, 2, 'Il cugino di Tony'),
(195, 19, 3, 'Conflitti nelle famiglie'),
(196, 19, 4, 'La mossa migliore'),
(197, 19, 5, 'Chiacchiere pericolose'),
(198, 19, 6, 'Rabbia repressa'),
(199, 19, 7, "L'amante"),
(200, 19, 8, 'Festa di compleanno'),
(201, 19, 9, 'Vita da cantiere'),
(202, 19, 10, 'Nervi saldi'),
(203, 19, 11, 'Sogni angoscianti'),
(204, 19, 12, 'Confessioni pericolose'),
(205, 19, 13, 'Scelta obbligata'),
(206, 20, 1, 'Stato confusionale'),
(207, 20, 2, "Un'altra vita"),
(208, 20, 3, 'Un solo capo'),
(209, 20, 4, "Un'amara verità"),
(210, 20, 5, 'Matrimonio in catene'),
(211, 20, 6, 'Sulla bocca di tutti'),
(212, 20, 7, 'Hollywood e dintorni'),
(213, 20, 8, "L'offerta immobiliare"),
(214, 20, 9, 'Una cicogna in arrivo'),
(215, 20, 10, 'La resa dei conti'),
(216, 20, 11, 'Viaggio a Parigi'),
(217, 20, 12, 'Giochi pericolosi'),
(218, 20, 13, 'Il compleanno di Tony'),
(219, 20, 14, 'Vuoto di potere'),
(220, 20, 15, 'Viaggio nel passato'),
(221, 20, 16, "Gioco d'azzardo"),
(222, 20, 17, "Mal d'amore"),
(223, 20, 18, 'Veglie funebri'),
(224, 20, 19, 'Tentato suicidio'),
(225, 20, 20, 'Grido di guerra'),
(226, 20, 21, 'Made in America'),

-- RICK & MORTY
(227, 21, 1, 'I semi della discordia'),
(228, 21, 2, 'Evoluzione canina'),
(229, 21, 3, 'Il parco di anatomia'),
(230, 21, 4, 'M. Night Shyam-alieni'),
(231, 21, 5, 'La tribù dei Miguardi'),
(232, 21, 6, "Febbre d'amore n°9"),
(233, 21, 7, 'Morty Junior'),
(234, 21, 8, 'Vite alternative'),
(235, 21, 9, 'Qualcosa di Rick-istro sta per accadere'),
(236, 21, 10, 'Incontri ravvicinati del Rick-tipo'),
(237, 21, 11, 'Ricksky business'),
(238, 22, 1, 'Nelle pieghe del tempo'),
(239, 22, 2, 'Puzza di mezzanotte'),
(240, 22, 3, 'Assimilazione auto erotica'),
(241, 22, 4, 'Total Rickall'),
(242, 22, 5, 'Sbrachiamoci insieme'),
(243, 22, 6, 'S.P.Q.R.: sono pazzi questi Ricks'),
(244, 22, 7, 'Mini-Rick'),
(245, 22, 8, 'Tv via cavo interdimensionale 2'),
(246, 22, 9, 'La notte dello sfogo'),
(247, 22, 10, 'Il mio squanch matrimonio alieno'),
(248, 23, 1, 'Le ali della Rick-libertà'),
(249, 23, 2, 'Al Rick-inseguimento della pietra verde'),
(250, 23, 3, 'Cetriolo Rick'),
(251, 23, 4, 'Difensori 3: Il ritorno di Finimondo'),
(252, 23, 5, 'La cospirazione del turbine vorticoso'),
(253, 23, 6, 'Rickposo e tranquillità'),
(254, 23, 7, 'A Ricklantide'),
(255, 23, 8, 'Gli spappamente di Morty'),
(256, 23, 9, "L'ABC di Beth"),
(257, 23, 10, 'Il Rickchurian Mortydate'),
(258, 24, 1, 'Edge of ToMorty: senza Rick'),
(259, 24, 2, 'Il vecchio e il water'),
(260, 24, 3, 'Qualcuno volò sul nido di Morty'),
(261, 24, 4, 'Rick and Morty - Unità vittime speciali'),
(262, 24, 5, 'Battleserpe Galactica'),
(263, 24, 6, 'La Morty-a infinita'),
(264, 24, 7, 'Promortyus'),
(265, 24, 8, "L'episodio della vasca d'acido"),
(266, 24, 9, 'I figli degli uo-Morty'),
(267, 24, 10, 'Il Rick-torno dello Jerri'),
(268, 25, 1, 'La Morty-cena con André'),
(269, 25, 2, 'Mortyplicity'),
(270, 25, 3, 'Una scomoda Mort-ità'),
(271, 25, 4, 'Rickdependence Spray'),
(272, 25, 5, 'Amortycan Grickfitti'),
(273, 25, 6, 'Il Ringraziamento di Rick e Morty'),
(274, 25, 7, 'GoTron Jerrysis Rickvangelion'),
(275, 25, 8, 'Se mi lasci ti Rick-cello'),
(276, 25, 9, 'Non mi scaRickare'),
(277, 25, 10, 'Rickmurai Jack'),
(278, 26, 1, 'Solaricks'),
(279, 26, 2, 'Rick: una vita di Morty ben vissuta'),
(280, 26, 3, 'Bethic Instinct'),
(281, 26, 4, 'La famiglia della notte'),
(282, 26, 5, 'Final DeSmithation'),
(283, 26, 6, 'JuRicksic Park'),
(284, 26, 7, 'Full Meta Jackrick'),
(285, 26, 8, 'Terapia e pipì'),
(286, 26, 9, 'Un Rick alla corte di re Mortù'),
(287, 26, 10, 'Un Natale Ricksplosivo'),
(288, 27, 1, 'Benvenuto in Paradiso, Buchetto'),
(289, 27, 2, 'Jerricky in trappola'),
(290, 27, 3, 'Air Force Wong'),
(291, 27, 4, "That's Amorte"),
(292, 27, 5, 'Morty lo spietato'),
(293, 27, 6, 'Rick and Morty, prossima fermata: paradiso'),
(294, 27, 7, 'Wet Kuat Amortican Summer'),
(295, 27, 8, 'Il destino dei Numericoni: Il film'),
(296, 27, 9, 'Mort: Ragnarick'),
(297, 27, 10, 'Fear no Mort'),

-- SHERLOCK
(298, 28, 1, 'Uno studio in rosa'),
(299, 28, 2, 'Il banchiere cieco'),
(300, 28, 3, 'Il grande gioco'),
(301, 29, 1, 'Scandalo a Belgravia'),
(302, 29, 2, 'I mastini di Baskerville'),
(303, 29, 3, 'Le cascate di Reichenbach'),
(304, 30, 1, 'La casa vuota'),
(305, 30, 2, 'Il segno dei tre'),
(306, 30, 3, "L'ultimo giuramento"),
(307, 31, 1, 'Le sei Thatcher'),
(308, 31, 2, 'Il detective morente'),
(309, 31, 3, 'Il problema finale'),

-- FRIENDS
(310, 32, 1, 'Matrimonio mancato'),
(311, 32, 2, 'Una moglie differente'),
(312, 32, 3, 'Per 500 dollari in più'),
(313, 32, 4, 'La prima volta di Ross'),
(314, 32, 5, 'Incontro in lavanderia'),
(315, 32, 6, 'Il sedere di Al Pacino'),
(316, 32, 7, 'A lume di candela'),
(317, 32, 8, 'La cara estinta'),
(318, 32, 9, 'La cena del ringraziamento'),
(319, 32, 10, 'Qualcuno mi baci... è mezzanotte'),
(320, 32, 11, 'Non baciare mia madre'),
(321, 32, 12, 'Massaggi e lasagne'),
(322, 32, 13, 'Non fissarmi così'),
(323, 32, 14, 'Un rito per San Valentino'),
(324, 32, 15, 'Uno strano ospite'),
(325, 32, 16, 'Vivere intensamente (1ª parte)'),
(326, 32, 17, 'Vivere intensamente (2ª parte)'),
(327, 32, 18, 'Lezioni di Poker'),
(328, 32, 19, 'Pensaci prima di parlare'),
(329, 32, 20, 'Amore tra i denti'),
(330, 32, 21, 'Addio scimmietta'),
(331, 32, 22, 'Sto per avere un bambino'),
(332, 32, 23, 'Non gridate, siamo in clinica'),
(333, 32, 24, 'Una sorpresa dalla Cina'),
(334, 33, 1, 'Una fidanzata per Ross'),
(335, 33, 2, 'Test per il latte'),
(336, 33, 3, "L'eredità di Heckles"),
(337, 33, 4, 'Mio marito si sposa'),
(338, 33, 5, 'Gli spendaccioni'),
(339, 33, 6, 'Allergia al kiwi'),
(340, 33, 7, 'Chandler il pigro'),
(341, 33, 8, 'L''alternativa di Ross'),
(342, 33, 9, 'Un... caldo Natale'),
(343, 33, 10, 'Ross e Russ'),
(344, 33, 11, 'Lo spirito della vecchia signora'),
(345, 33, 12, 'Il grande Marcel (1ª parte)'),
(346, 33, 13, 'Il grande Marcel (2ª parte)'),
(347, 33, 14, 'Come due aragoste'),
(348, 33, 15, 'Finalmente Ross e Rachel'),
(349, 33, 16, 'I tatuaggi'),
(350, 33, 17, 'Il nuovo coinquilino'),
(351, 33, 18, 'Un pesce di nome Chandler'),
(352, 33, 19, 'Le stranezze di Eddie'),
(353, 33, 20, 'Week-end con il padre'),
(354, 33, 21, 'I due bulli'),
(355, 33, 22, 'Doppia festa per Rachel'),
(356, 33, 23, 'Due settimane di pruriti'),
(357, 33, 24, 'Questione di baci'),
(358, 34, 1, 'La Principessa Leila e il bikini dorato'),
(359, 34, 2, 'Minuti contati'),
(360, 34, 3, 'Per dimenticare Richard'),
(361, 34, 4, 'Paura d''amare'),
(362, 34, 5, 'La cassetta della posta'),
(363, 34, 6, 'Tre anni prima'),
(364, 34, 7, 'Un letto nuovo per Monica'),
(365, 34, 8, 'La maledizione del dentista'),
(366, 34, 9, 'La coppa Geller'),
(367, 34, 10, 'Boyscout per caso'),
(368, 34, 11, "L'inquilino del piano di sopra"),
(369, 34, 12, 'Primo giorno di lavoro'),
(370, 34, 13, 'Due amici molto speciali'),
(371, 34, 14, 'Leslie, la ex di Phoebe'),
(372, 34, 15, 'Pausa di riflessione'),
(373, 34, 16, 'Il giorno dopo'),
(374, 34, 17, 'Soccorso stradale'),
(375, 34, 18, "L'allievo e l'insegnante"),
(376, 34, 19, 'Voltare pagina'),
(377, 34, 20, 'La casa delle bambole'),
(378, 34, 21, 'Il sogno di Monica'),
(379, 34, 22, 'Il numero verde'),
(380, 34, 23, 'I due amori di Phoebe'),
(381, 34, 24, 'Lotta estrema'),
(382, 34, 25, 'Week-end con sorpresa'),
(383, 35, 1, 'Monica e la medusa'),
(384, 35, 2, 'La reincarnazione'),
(385, 35, 3, 'Amore e manette'),
(386, 35, 4, 'Lezioni di ballo'),
(387, 35, 5, 'Ridatemi il raffreddore'),
(388, 35, 6, 'Catering per funerali'),
(389, 35, 7, 'La scoperta di un talento'),
(390, 35, 8, 'Sei ore di riflessione'),
(391, 35, 9, 'Miglioramento di carriera'),
(392, 35, 10, 'Dimostrazione di forza'),
(393, 35, 11, 'Regalo di nozze'),
(394, 35, 12, 'La scommessa'),
(395, 35, 13, 'Acquisti personalizzati'),
(396, 35, 14, 'Le tre fasi della depressione'),
(397, 35, 15, 'La partita di rugby'),
(398, 35, 16, 'Party a sorpresa'),
(399, 35, 17, 'TV a luci rosse'),
(400, 35, 18, 'La scelta dei nomi'),
(401, 35, 19, 'Scommessa finale'),
(402, 35, 20, 'I vestiti da sposa'),
(403, 35, 21, 'Ti ricordi quando...'),
(404, 35, 22, 'Addio al celibato'),
(405, 35, 23, 'Il matrimonio di Ross (1ª parte)'),
(406, 35, 24, 'Il matrimonio di Ross (2ª parte)'),
(407, 36, 1, 'Il nome sbagliato'),
(408, 36, 2, 'Segreti e baci'),
(409, 36, 3, 'Il centesimo episodio'),
(410, 36, 4, "Esiste l'altruismo?"),
(411, 36, 5, 'Un week-end da dimenticare'),
(412, 36, 6, 'Gli ordini di Emily'),
(413, 36, 7, 'Un ospite scomodo'),
(414, 36, 8, 'Ricordi di un giorno di festa'),
(415, 36, 9, 'La rabbia di Ross'),
(416, 36, 10, 'Amore fraterno'),
(417, 36, 11, 'Buoni propositi'),
(418, 36, 12, 'La risata da lavoro'),
(419, 36, 13, 'La borsetta di Joey'),
(420, 36, 14, 'Io so che tu sai che io lo so'),
(421, 36, 15, "L'inquilino dell'interno 3B"),
(422, 36, 16, 'Il distintivo da poliziotto'),
(423, 36, 17, 'Un bacio fuori luogo'),
(424, 36, 18, 'Zona fumatori'),
(425, 36, 19, 'Pizza a domicilio'),
(426, 36, 20, 'Giro di pattuglia'),
(427, 36, 21, 'Difficili convivenze'),
(428, 36, 22, 'Una parte per Joey'),
(429, 36, 23, 'Tutti insieme a Las Vegas (1ª parte)'),
(430, 36, 24, 'Tutti insieme a Las Vegas (2ª parte)'),
(431, 37, 1, 'Il giorno dopo'),
(432, 37, 2, 'Fine di un''epoca'),
(433, 37, 3, 'Cercasi casa'),
(434, 37, 4, "L'assicurazione scaduta"),
(435, 37, 5, "Questione d'immagine"),
(436, 37, 6, "L'ultima sera"),
(437, 37, 7, 'Una corsa nel parco'),
(438, 37, 8, 'Un sorriso smagliante'),
(439, 37, 9, 'Indovina chi viene a cena'),
(440, 37, 10, 'Lo spettacolo di fine anno'),
(441, 37, 11, 'Il tavolo da speziale'),
(442, 37, 12, 'La barzelletta rubata'),
(443, 37, 13, 'Una visita inattesa'),
(444, 37, 14, 'Cuore di ghiaccio'),
(445, 37, 15, 'Come poteva essere (1ª parte)'),
(446, 37, 16, 'Come poteva essere (2ª parte)'),
(447, 37, 17, 'Lezioni di autodifesa'),
(448, 37, 18, 'Fuoco e fiamme'),
(449, 37, 19, 'Un cavaliere per Rachel'),
(450, 37, 20, 'La grande occasione'),
(451, 37, 21, 'Incontro con papà'),
(452, 37, 22, "Lista d'attesa"),
(453, 37, 23, "L'anello"),
(454, 37, 24, 'Proposte di matrimonio (1ª parte)'),
(455, 37, 25, 'Proposte di matrimonio (2ª parte)'),
(456, 38, 1, 'La serata rubata'),
(457, 38, 2, 'Il libro di Rachel'),
(458, 38, 3, 'La ricetta della nonna'),
(459, 38, 4, "L'assistente"),
(460, 38, 5, 'La foto del fidanzamento'),
(461, 38, 6, "La damigella d'onore"),
(462, 38, 7, 'Sesso in biblioteca'),
(463, 38, 8, 'Un cane in casa'),
(464, 38, 9, 'La bicicletta'),
(465, 38, 10, "L'armadillo natalizio"),
(466, 38, 11, 'Torte a domicilio'),
(467, 38, 12, 'Notte in bianco'),
(468, 38, 13, "L'ultimo giorno di Rosita"),
(469, 38, 14, 'I miei primi 30 anni'),
(470, 38, 15, 'Il cervello nuovo'),
(471, 38, 16, "L'ora della verità"),
(472, 38, 17, 'Una ragazza per due'),
(473, 38, 18, 'Un premio per Joey'),
(474, 38, 19, 'Il provino'),
(475, 38, 20, 'Ricordi quella sera?'),
(476, 38, 21, 'Promesse e ricordi'),
(477, 38, 22, 'La patente scaduta'),
(478, 38, 23, 'Finalmente sposi (1ª parte)'),
(479, 38, 24, 'Finalmente sposi (2ª parte)'),
(480, 39, 1, 'Chi è il padre?'),
(481, 39, 2, 'La maglietta rossa'),
(482, 39, 3, 'La confessione'),
(483, 39, 4, 'Accadde quella sera...'),
(484, 39, 5, 'Sedotto e licenziato'),
(485, 39, 6, 'La festa di Halloween'),
(486, 39, 7, 'La casa ideale'),
(487, 39, 8, 'La spogliarellista'),
(488, 39, 9, 'Il club segreto'),
(489, 39, 10, 'Gli stivali di Monica'),
(490, 39, 11, "Cartoline d'auguri"),
(491, 39, 12, "Strategie d'amore"),
(492, 39, 13, 'Un bagno rilassante'),
(493, 39, 14, 'Il padre putativo'),
(494, 39, 15, 'Un video scottante'),
(495, 39, 16, "L'anima gemella"),
(496, 39, 17, 'Un problema da risolvere'),
(497, 39, 18, 'Invito a Massapequa'),
(498, 39, 19, "L'intervista"),
(499, 39, 20, 'Madre e figlia'),
(500, 39, 21, 'A scuola di cucina'),
(501, 39, 22, 'Le scommesse di Monica'),
(502, 39, 23, "Tutti all'ospedale (1ª parte)"),
(503, 39, 24, "Tutti all'ospedale (2ª parte)"),
(504, 40, 1, "L'equivoco"),
(505, 40, 2, 'Ninna nanna per Emma'),
(506, 40, 3, 'Il pediatra di Ross'),
(507, 40, 4, 'Questioni di cuore'),
(508, 40, 5, 'Cena per sei'),
(509, 40, 6, 'La tata maschio'),
(510, 40, 7, 'La canzone piccante'),
(511, 40, 8, "L'altra sorella di Rachel"),
(512, 40, 9, 'Le bugie hanno le gambe corte'),
(513, 40, 10, 'A casa per Natale'),
(514, 40, 11, 'Brutte sorprese'),
(515, 40, 12, "Topi d'appartamento"),
(516, 40, 13, 'Riflettori indiscreti'),
(517, 40, 14, 'Appuntamenti al buio'),
(518, 40, 15, 'La rapina'),
(519, 40, 16, 'Il prestito'),
(520, 40, 17, 'Scherzi informatici'),
(521, 40, 18, 'La lotteria'),
(522, 40, 19, 'Suite per una notte'),
(523, 40, 20, 'La sera delle stelle'),
(524, 40, 21, 'Il test della fertilità'),
(525, 40, 22, 'Soluzione cercasi'),
(526, 40, 23, 'Conferenza alle Barbados (1ª parte)'),
(527, 40, 24, 'Conferenza alle Barbados (2ª parte)'),
(528, 41, 1, 'Baci galeotti'),
(529, 41, 2, 'Doppia coppia'),
(530, 41, 3, 'Abbronzatura a spruzzo'),
(531, 41, 4, 'Torta a sorpresa'),
(532, 41, 5, 'Una dichiarazione speciale'),
(533, 41, 6, 'Il finanziamento'),
(534, 41, 7, 'Matrimonio di beneficenza'),
(535, 41, 8, 'Tutti in ritardo'),
(536, 41, 9, 'Il cibo è sacro'),
(537, 41, 10, 'Una casa fuori città'),
(538, 41, 11, 'La danza del poliziotto'),
(539, 41, 12, 'Cerimonia sotto la neve'),
(540, 41, 13, 'Lezioni di francese'),
(541, 41, 14, 'Principessa Consuela'),
(542, 41, 15, 'Offerte e controfferte'),
(543, 41, 16, "Il party dell'addio"),
(544, 41, 17, 'Arrivi e partenze (1ª parte)'),
(545, 41, 18, 'Arrivi e partenze (2ª parte)'),

-- BOJACK HORSEMAN
(546, 42, 1, 'BoJack Horseman: la storia di BoJack Horseman, capitolo uno'),
(547, 42, 2, 'BoJack traditore della patria'),
(548, 42, 3, 'Il ritorno di Sarah'),
(549, 42, 4, 'Tra Zoë e Zelda'),
(550, 42, 5, 'Corri, Diane Nguyen, corri!'),
(551, 42, 6, 'La lettera D'),
(552, 42, 7, "Di' qualcosa"),
(553, 42, 8, 'Il telescopio'),
(554, 42, 9, 'A caval donato non si guarda in bocca'),
(555, 42, 10, 'Un mezzo cavallo'),
(556, 42, 11, 'Finale deprimente'),
(557, 42, 12, 'Più avanti'),
(558, 43, 1, 'Il divano nuovo'),
(559, 43, 2, 'Yesterdayland'),
(560, 43, 3, 'Ancora rotto'),
(561, 43, 4, 'Dopo la festa'),
(562, 43, 5, 'Galline'),
(563, 43, 6, 'Vero amore'),
(564, 43, 7, 'Il lato oscuro di Hank'),
(565, 43, 8, 'Scopriamolo'),
(566, 43, 9, 'La ripresa'),
(567, 43, 10, 'Sì e...'),
(568, 43, 11, 'Fuga da L.A.'),
(569, 43, 12, 'In alto mare'),
(570, 44, 1, 'Passate parola'),
(571, 44, 2, 'Il BoJack Horseman Show'),
(572, 44, 3, 'BoJack uccide'),
(573, 44, 4, "Un pesce fuor d'acqua"),
(574, 44, 5, 'Amore e/o matrimonio'),
(575, 44, 6, 'Brrap Brrap Pew Pew'),
(576, 44, 7, 'Fermate le rotative'),
(577, 44, 8, 'Una vecchia conoscenza'),
(578, 44, 9, 'La cosa migliore'),
(579, 44, 10, 'Sei tu'),
(580, 44, 11, 'È troppo, amico!'),
(581, 44, 12, 'È andata bene'),
(582, 45, 1, 'La candidatura di Mr. Peanutbutter'),
(583, 45, 2, 'La vecchia casa dei Sugarman'),
(584, 45, 3, "Urrà! L'episodio di Todd!"),
(585, 45, 4, 'Iniziare la trivellazione'),
(586, 45, 5, 'Pensieri e preghiere'),
(587, 45, 6, 'Stupido pezzo di m...a'),
(588, 45, 7, 'Sottoterra'),
(589, 45, 8, 'Il giudice'),
(590, 45, 9, 'Ruthie'),
(591, 45, 10, 'Fantastico lo stile di vita californiano!'),
(592, 45, 11, 'Il tempo è una freccia'),
(593, 45, 12, 'Che ora è adesso'),
(594, 46, 1, 'La scena della lampadina'),
(595, 46, 2, 'I giorni da cane sono finiti'),
(596, 46, 3, 'Obsolescenza programmata'),
(597, 46, 4, 'BoJack il femminista'),
(598, 46, 5, 'La storia di Amelia Earhart'),
(599, 46, 6, 'Churro gratis'),
(600, 46, 7, 'Interno. Sotto'),
(601, 46, 8, 'Le ragazze di Mr. Peanutbutter'),
(602, 46, 9, 'Storia antica'),
(603, 46, 10, 'Con la testa tra le nuvole'),
(604, 46, 11, 'Crisi nella serie'),
(605, 46, 12, 'Serie cancellata'),
(606, 47, 1, 'La riabilitazione'),
(607, 47, 2, 'Il nuovo cliente'),
(608, 47, 3, 'Una bella storia'),
(609, 47, 4, 'Sorpresa!'),
(610, 47, 5, "Un po' fuori posto, tutto qui"),
(611, 47, 6, 'Il rene è a posto'),
(612, 47, 7, 'Il volto della depressione'),
(613, 47, 8, 'In cerca di scoop'),
(614, 47, 9, 'Corso di recitazione'),
(615, 47, 10, 'Un trauma positivo'),
(616, 47, 11, 'Profitti e perdite'),
(617, 47, 12, 'La xerox di una xerox'),
(618, 47, 13, 'Odiato dal mondo'),
(619, 47, 14, 'Angela'),
(620, 47, 15, 'Il panorama a metà strada'),
(621, 47, 16, 'Bello, finché è durato'),

-- Dark
(622, 48, 1, 'Segreti'),
(623, 48, 2, 'Bugie'),
(624, 48, 3, 'Passato e presente'),
(625, 48, 4, 'Doppie vite'),
(626, 48, 5, 'Verità'),
(627, 48, 6, 'Sic Mundus Creatus Est'),
(628, 48, 7, 'Svolte'),
(629, 48, 8, 'Ciascuno raccoglierà quello che avrà seminato'),
(630, 48, 9, 'Tutto è adesso'),
(631, 48, 10, "L'alfa e l'omega"),
(632, 49, 1, 'Principio e fine'),
(633, 49, 2, 'Materia oscura'),
(634, 49, 3, 'Spettri'),
(635, 49, 4, 'I viaggiatori'),
(636, 49, 5, 'Persi e ritrovati'),
(637, 49, 6, 'Un ciclo infinito'),
(638, 49, 7, 'Il diavolo bianco'),
(639, 49, 8, 'Fine e principio'),
(640, 50, 1, 'Déjà-vu'),
(641, 50, 2, 'I sopravvissuti'),
(642, 50, 3, 'Adam ed Eva'),
(643, 50, 4, "L'origine"),
(644, 50, 5, 'Vita e morte'),
(645, 50, 6, 'Luce e ombra'),
(646, 50, 7, 'Nel frattempo'),
(647, 50, 8, 'Il paradiso'),

-- SQUID GAME
(648, 51, 1, 'Un, due, tre, stella'),
(649, 51, 2, 'Inferno'),
(650, 51, 3, "L'uomo con l'ombrello"),
(651, 51, 4, 'Non si abbandona la squadra'),
(652, 51, 5, 'Un mondo giusto'),
(653, 51, 6, 'Gganbu'),
(654, 51, 7, 'I VIP'),
(655, 51, 8, 'Front Man'),
(656, 51, 9, 'Un giorno fortunato'),

-- ALICE IN BORDERLAND
(657, 52, 1, 'Episodio 1'),
(658, 52, 2, 'Episodio 2'),
(659, 52, 3, 'Episodio 3'),
(660, 52, 4, 'Episodio 4'),
(661, 52, 5, 'Episodio 5'),
(662, 52, 6, 'Episodio 6'),
(663, 52, 7, 'Episodio 7'),
(664, 52, 8, 'Episodio 8'),
(665, 53, 1, 'Episodio 1'),
(666, 53, 2, 'Episodio 2'),
(667, 53, 3, 'Episodio 3'),
(668, 53, 4, 'Episodio 4'),
(669, 53, 5, 'Episodio 5'),
(670, 53, 6, 'Episodio 6'),
(671, 53, 7, 'Episodio 7'),
(672, 53, 8, 'Episodio 8');


INSERT INTO user (id, username, password, role) VALUES
(1, "admin", "admin", "admin"),
(2, "mattia@gmail.com", "password", "default");

INSERT INTO usersaved (user_id, show_id, season_id, episode_id, seen, wishlist) VALUES
(2, 1, 1, 1, 1, 0),
(2, 1, 1, 2, 1, 0),
(2, 1, 1, 3, 1, 0),
(2, 1, 2, 8, 1, 0),
(2, 1, 2, 9, 1, 0),
(2, 9, 48, 622, 0, 1),
(2, 9, 48, 623, 0, 1),
(2, 9, 48, 624, 0, 1),
(2, 9, 48, 625, 0, 1),
(2, 9, 48, 626, 0, 1),
(2, 9, 48, 627, 0, 1),
(2, 9, 48, 628, 0, 1),
(2, 9, 48, 629, 0, 1),
(2, 9, 48, 630, 0, 1),
(2, 9, 48, 631, 0, 1),
(2, 9, 49, 632, 0, 1),
(2, 9, 49, 633, 0, 1),
(2, 9, 49, 634, 0, 1),
(2, 9, 49, 635, 0, 1),
(2, 9, 49, 636, 0, 1),
(2, 9, 49, 637, 0, 1),
(2, 9, 49, 638, 0, 1),
(2, 9, 49, 639, 0, 1),
(2, 9, 50, 640, 0, 1),
(2, 9, 50, 641, 0, 1),
(2, 9, 50, 642, 0, 1),
(2, 9, 50, 643, 0, 1),
(2, 9, 50, 644, 0, 1),
(2, 9, 50, 645, 0, 1),
(2, 9, 50, 646, 0, 1),
(2, 9, 50, 647, 0, 1)
;


